train_loss,train_mse,train_mae,train_r2,train_e_mse,train_e_mae,train_e_r2,train_e_x_mse,train_e_x_mae,train_e_y_mse,train_e_x_r2,train_e_y_mae,train_e_y_r2,train_e_z_mse,train_e_z_mae,train_e_z_r2,train_p_mse,train_p_mae,train_p_r2,train_p_x_mse,train_p_x_mae,train_p_x_r2,train_p_y_mse,train_p_y_mae,train_p_y_r2,train_p_z_mse,train_p_z_mae,train_p_z_r2,train_p_t_mae,train_p_t_mse,train_p_t_r2,val_loss,val_mse,val_mae,val_r2,val_e_mse,val_e_mae,val_e_r2,val_e_x_mse,val_e_x_mae,val_e_y_mse,val_e_x_r2,val_e_y_mae,val_e_y_r2,val_e_z_mse,val_e_z_mae,val_e_z_r2,val_p_mse,val_p_mae,val_p_r2,val_p_x_mse,val_p_x_mae,val_p_x_r2,val_p_y_mse,val_p_y_mae,val_p_y_r2,val_p_z_mse,val_p_z_mae,val_p_z_r2,val_p_t_mae,val_p_t_mse,val_p_t_r2
0.06512879301550133,0.361182668196063,-0.036344151435543294,0.8187230205631688,0.0,0.0,0.0,0.0,0.0,0.0,0.0,0.0,0.0,0.0,0.0,0.0,0.0,0.0,0.0,0.0,0.0,0.0,0.0,0.0,0.0,0.0,0.0,0.0,0.8426673136486975,0.361182668196063,0.8187230205631688,0.047651047984922,0.2008357756541649,-0.014562492340723836,0.8994234303091146,0.0,0.0,0.0,0.0,0.0,0.0,0.0,0.0,0.0,0.0,0.0,0.0,0.0,0.0,0.0,0.0,0.0,0.0,0.0,0.0,0.0,0.0,0.0,0.0,0.7224310394804263,0.2008357756541649,0.8994234303091146
0.03781235306154064,0.19263304596051545,-0.015100772254210231,0.9033177972051595,0.0,0.0,0.0,0.0,0.0,0.0,0.0,0.0,0.0,0.0,0.0,0.0,0.0,0.0,0.0,0.0,0.0,0.0,0.0,0.0,0.0,0.0,0.0,0.0,0.7181559972787681,0.19263304596051545,0.9033177972051595,0.036824364817849405,0.18633446395368888,0.06633265203082199,0.9066855418573804,0.0,0.0,0.0,0.0,0.0,0.0,0.0,0.0,0.0,0.0,0.0,0.0,0.0,0.0,0.0,0.0,0.0,0.0,0.0,0.0,0.0,0.0,0.0,0.0,0.7163517516756206,0.18633446395368888,0.9066855418573804
0.037887022926013564,0.19556216391622977,-0.015060349256570089,0.9018476796519542,0.0,0.0,0.0,0.0,0.0,0.0,0.0,0.0,0.0,0.0,0.0,0.0,0.0,0.0,0.0,0.0,0.0,0.0,0.0,0.0,0.0,0.0,0.0,0.0,0.7115604545044028,0.19556216391622977,0.9018476796519542,0.039608145281367496,0.19072518728607019,-0.14630513386255506,0.9044867129468678,0.0,0.0,0.0,0.0,0.0,0.0,0.0,0.0,0.0,0.0,0.0,0.0,0.0,0.0,0.0,0.0,0.0,0.0,0.0,0.0,0.0,0.0,0.0,0.0,0.7068070975423778,0.19072518728607019,0.9044867129468678
0.03963940493026063,0.2103834809989025,-0.015151048766277347,0.8944088810418129,0.0,0.0,0.0,0.0,0.0,0.0,0.0,0.0,0.0,0.0,0.0,0.0,0.0,0.0,0.0,0.0,0.0,0.0,0.0,0.0,0.0,0.0,0.0,0.0,0.7090019760414294,0.2103834809989025,0.8944088810418128,0.05322812780902687,0.2019969755358657,-0.05094146582019695,0.8988419142537338,0.0,0.0,0.0,0.0,0.0,0.0,0.0,0.0,0.0,0.0,0.0,0.0,0.0,0.0,0.0,0.0,0.0,0.0,0.0,0.0,0.0,0.0,0.0,0.0,0.7000101450665485,0.2019969755358657,0.8988419142537338
0.036973369614698125,0.18866699853071045,-0.015370477684977976,0.9053083494862116,0.0,0.0,0.0,0.0,0.0,0.0,0.0,0.0,0.0,0.0,0.0,0.0,0.0,0.0,0.0,0.0,0.0,0.0,0.0,0.0,0.0,0.0,0.0,0.0,0.7077562663676209,0.18866699853071045,0.9053083494862116,0.04254540874784563,0.19186982522004647,0.09071937742457288,0.9039134877083879,0.0,0.0,0.0,0.0,0.0,0.0,0.0,0.0,0.0,0.0,0.0,0.0,0.0,0.0,0.0,0.0,0.0,0.0,0.0,0.0,0.0,0.0,0.0,0.0,0.7156651658304617,0.19186982522004647,0.9039134877083879
0.07525153982754616,0.5152689792373605,-0.01552859342191076,0.741387357258092,0.0,0.0,0.0,0.0,0.0,0.0,0.0,0.0,0.0,0.0,0.0,0.0,0.0,0.0,0.0,0.0,0.0,0.0,0.0,0.0,0.0,0.0,0.0,0.0,0.7074005075603652,0.5152689792373605,0.741387357258092,0.7895695015657701,0.9968358708300517,0.07453848256421339,0.5007944374437131,0.0,0.0,0.0,0.0,0.0,0.0,0.0,0.0,0.0,0.0,0.0,0.0,0.0,0.0,0.0,0.0,0.0,0.0,0.0,0.0,0.0,0.0,0.0,0.0,0.7153157820696908,0.9968358708300517,0.5007944374437131
0.038961734782597034,0.2055453240980185,-0.01629277465007043,0.8968371473163599,0.0,0.0,0.0,0.0,0.0,0.0,0.0,0.0,0.0,0.0,0.0,0.0,0.0,0.0,0.0,0.0,0.0,0.0,0.0,0.0,0.0,0.0,0.0,0.0,0.7065005632560621,0.2055453240980185,0.8968371473163599,0.07436622281351195,0.22624125444669074,0.018768683040022677,0.8867006208049951,0.0,0.0,0.0,0.0,0.0,0.0,0.0,0.0,0.0,0.0,0.0,0.0,0.0,0.0,0.0,0.0,0.0,0.0,0.0,0.0,0.0,0.0,0.0,0.0,0.7048052654957156,0.22624125444669074,0.8867006208049951
0.037630497994702604,0.19446095570997468,-0.015694246642608968,0.902400372235425,0.0,0.0,0.0,0.0,0.0,0.0,0.0,0.0,0.0,0.0,0.0,0.0,0.0,0.0,0.0,0.0,0.0,0.0,0.0,0.0,0.0,0.0,0.0,0.0,0.7056673870947348,0.19446095570997468,0.902400372235425,0.03630006718809676,0.18478667455653772,0.011018663209684964,0.9074606595363802,0.0,0.0,0.0,0.0,0.0,0.0,0.0,0.0,0.0,0.0,0.0,0.0,0.0,0.0,0.0,0.0,0.0,0.0,0.0,0.0,0.0,0.0,0.0,0.0,0.6997737123061776,0.18478667455653772,0.9074606595363802
0.03787744765647647,0.19721197123877512,-0.015462181713007894,0.901019644176403,0.0,0.0,0.0,0.0,0.0,0.0,0.0,0.0,0.0,0.0,0.0,0.0,0.0,0.0,0.0,0.0,0.0,0.0,0.0,0.0,0.0,0.0,0.0,0.0,0.7051898001240087,0.19721197123877512,0.901019644176403,0.0500028765537059,0.19919249030798175,-0.10135083495731896,0.9002463715131162,0.0,0.0,0.0,0.0,0.0,0.0,0.0,0.0,0.0,0.0,0.0,0.0,0.0,0.0,0.0,0.0,0.0,0.0,0.0,0.0,0.0,0.0,0.0,0.0,0.7031627106083835,0.19919249030798175,0.9002463715131162
0.036768491425600916,0.18780370603098315,-0.01607647084100038,0.9057416369895178,0.0,0.0,0.0,0.0,0.0,0.0,0.0,0.0,0.0,0.0,0.0,0.0,0.0,0.0,0.0,0.0,0.0,0.0,0.0,0.0,0.0,0.0,0.0,0.0,0.7047939755880474,0.18780370603098315,0.9057416369895178,0.1262343910764357,0.28009530597641447,0.04826839005517061,0.8597310401437248,0.0,0.0,0.0,0.0,0.0,0.0,0.0,0.0,0.0,0.0,0.0,0.0,0.0,0.0,0.0,0.0,0.0,0.0,0.0,0.0,0.0,0.0,0.0,0.0,0.7073974016904979,0.28009530597641447,0.8597310401437247
0.03698183836379333,0.18773084888311461,-0.01608796280979549,0.905778201630671,0.0,0.0,0.0,0.0,0.0,0.0,0.0,0.0,0.0,0.0,0.0,0.0,0.0,0.0,0.0,0.0,0.0,0.0,0.0,0.0,0.0,0.0,0.0,0.0,0.7043289047560075,0.18773084888311461,0.905778201630671,0.044269510848540465,0.19162125628534118,-0.02241221466027095,0.9040379703595799,0.0,0.0,0.0,0.0,0.0,0.0,0.0,0.0,0.0,0.0,0.0,0.0,0.0,0.0,0.0,0.0,0.0,0.0,0.0,0.0,0.0,0.0,0.0,0.0,0.6985344087295196,0.19162125628534118,0.9040379703595798
0.035986817490252204,0.183213530238372,-0.015150041960661007,0.9080454345202611,0.0,0.0,0.0,0.0,0.0,0.0,0.0,0.0,0.0,0.0,0.0,0.0,0.0,0.0,0.0,0.0,0.0,0.0,0.0,0.0,0.0,0.0,0.0,0.0,0.6938095565864801,0.183213530238372,0.9080454345202611,0.035892599769469305,0.18185294805665173,-0.03645836883625679,0.9089298424725277,0.0,0.0,0.0,0.0,0.0,0.0,0.0,0.0,0.0,0.0,0.0,0.0,0.0,0.0,0.0,0.0,0.0,0.0,0.0,0.0,0.0,0.0,0.0,0.0,0.6934817012054202,0.18185294805665173,0.9089298424725277
0.03601649002392045,0.18363067715767517,-0.015289218033666691,0.9078360713591355,0.0,0.0,0.0,0.0,0.0,0.0,0.0,0.0,0.0,0.0,0.0,0.0,0.0,0.0,0.0,0.0,0.0,0.0,0.0,0.0,0.0,0.0,0.0,0.0,0.6936235422669884,0.18363067715767517,0.9078360713591355,0.035786181849365814,0.181601915013714,-0.0215781839390814,0.9090555577128383,0.0,0.0,0.0,0.0,0.0,0.0,0.0,0.0,0.0,0.0,0.0,0.0,0.0,0.0,0.0,0.0,0.0,0.0,0.0,0.0,0.0,0.0,0.0,0.0,0.6939083406171376,0.181601915013714,0.9090555577128383
0.03570274292867296,0.18103812557270688,-0.015186297971967138,0.9091372686562935,0.0,0.0,0.0,0.0,0.0,0.0,0.0,0.0,0.0,0.0,0.0,0.0,0.0,0.0,0.0,0.0,0.0,0.0,0.0,0.0,0.0,0.0,0.0,0.0,0.6934559246723333,0.18103812557270688,0.9091372686562935,0.03587214373011827,0.1816790090154509,0.03935309611949353,0.9090169477519385,0.0,0.0,0.0,0.0,0.0,0.0,0.0,0.0,0.0,0.0,0.0,0.0,0.0,0.0,0.0,0.0,0.0,0.0,0.0,0.0,0.0,0.0,0.0,0.0,0.6972555993676708,0.1816790090154509,0.9090169477519385
0.035910008845269493,0.1827802706955026,-0.015327291453597926,0.908262888826879,0.0,0.0,0.0,0.0,0.0,0.0,0.0,0.0,0.0,0.0,0.0,0.0,0.0,0.0,0.0,0.0,0.0,0.0,0.0,0.0,0.0,0.0,0.0,0.0,0.6934915091166955,0.1827802706955026,0.908262888826879,0.035808774424815906,0.1815393815557298,-0.017612739928784236,0.9090868734189504,0.0,0.0,0.0,0.0,0.0,0.0,0.0,0.0,0.0,0.0,0.0,0.0,0.0,0.0,0.0,0.0,0.0,0.0,0.0,0.0,0.0,0.0,0.0,0.0,0.6934320646846653,0.1815393815557298,0.9090868734189503
0.03569101592108619,0.18093169998744368,-0.015265653085060097,0.9091906831638705,0.0,0.0,0.0,0.0,0.0,0.0,0.0,0.0,0.0,0.0,0.0,0.0,0.0,0.0,0.0,0.0,0.0,0.0,0.0,0.0,0.0,0.0,0.0,0.0,0.6934150193573116,0.18093169998744368,0.9091906831638705,0.04598941215125867,0.1925052762708168,-0.05949398792231976,0.903595261907421,0.0,0.0,0.0,0.0,0.0,0.0,0.0,0.0,0.0,0.0,0.0,0.0,0.0,0.0,0.0,0.0,0.0,0.0,0.0,0.0,0.0,0.0,0.0,0.0,0.6953215699916857,0.1925052762708168,0.9035952619074211
0.03576175085084208,0.18126557147286482,-0.015541088633280952,0.9090231136141155,0.0,0.0,0.0,0.0,0.0,0.0,0.0,0.0,0.0,0.0,0.0,0.0,0.0,0.0,0.0,0.0,0.0,0.0,0.0,0.0,0.0,0.0,0.0,0.0,0.6934842735474269,0.18126557147286482,0.9090231136141155,0.03574179753601496,0.18152426812293557,-0.015091472175213361,0.9090944421417188,0.0,0.0,0.0,0.0,0.0,0.0,0.0,0.0,0.0,0.0,0.0,0.0,0.0,0.0,0.0,0.0,0.0,0.0,0.0,0.0,0.0,0.0,0.0,0.0,0.6932275783821004,0.18152426812293557,0.9090944421417186
0.035721669038164254,0.18127148224872627,-0.015323901043524994,0.9090201465961149,0.0,0.0,0.0,0.0,0.0,0.0,0.0,0.0,0.0,0.0,0.0,0.0,0.0,0.0,0.0,0.0,0.0,0.0,0.0,0.0,0.0,0.0,0.0,0.0,0.6933452091678187,0.18127148224872627,0.9090201465961149,0.03619250916864769,0.18222377091189276,0.03437488002829493,0.9087441381658832,0.0,0.0,0.0,0.0,0.0,0.0,0.0,0.0,0.0,0.0,0.0,0.0,0.0,0.0,0.0,0.0,0.0,0.0,0.0,0.0,0.0,0.0,0.0,0.0,0.6975667611140264,0.18222377091189276,0.9087441381658832
0.035682707148101636,0.18086125547948442,-0.015341615749911799,0.9092260372850652,0.0,0.0,0.0,0.0,0.0,0.0,0.0,0.0,0.0,0.0,0.0,0.0,0.0,0.0,0.0,0.0,0.0,0.0,0.0,0.0,0.0,0.0,0.0,0.0,0.6933592617141308,0.18086125547948442,0.9092260372850652,0.03585360163541367,0.18184992574559408,-0.001803905085822913,0.9089313543078994,0.0,0.0,0.0,0.0,0.0,0.0,0.0,0.0,0.0,0.0,0.0,0.0,0.0,0.0,0.0,0.0,0.0,0.0,0.0,0.0,0.0,0.0,0.0,0.0,0.6950004670135211,0.18184992574559408,0.9089313543078994
0.03629729582039046,0.1862964536007654,-0.01572259748003443,0.906498123789141,0.0,0.0,0.0,0.0,0.0,0.0,0.0,0.0,0.0,0.0,0.0,0.0,0.0,0.0,0.0,0.0,0.0,0.0,0.0,0.0,0.0,0.0,0.0,0.0,0.6934055715825397,0.1862964536007654,0.906498123789141,0.03573630933123084,0.1814200273700121,0.00727850703689982,0.9091466451849314,0.0,0.0,0.0,0.0,0.0,0.0,0.0,0.0,0.0,0.0,0.0,0.0,0.0,0.0,0.0,0.0,0.0,0.0,0.0,0.0,0.0,0.0,0.0,0.0,0.6948474040552437,0.1814200273700121,0.9091466451849313
0.035826396794187775,0.1822232712884373,-0.015403247838296023,0.9085424457180329,0.0,0.0,0.0,0.0,0.0,0.0,0.0,0.0,0.0,0.0,0.0,0.0,0.0,0.0,0.0,0.0,0.0,0.0,0.0,0.0,0.0,0.0,0.0,0.0,0.69336907312043,0.1822232712884373,0.908542445718033,0.03573491048674533,0.18168707671739417,-0.014053915731697512,0.9090129111270594,0.0,0.0,0.0,0.0,0.0,0.0,0.0,0.0,0.0,0.0,0.0,0.0,0.0,0.0,0.0,0.0,0.0,0.0,0.0,0.0,0.0,0.0,0.0,0.0,0.693386234453194,0.18168707671739417,0.9090129111270594
0.035612108042078636,0.1806073082774159,-0.015492684787625888,0.9093534944647272,0.0,0.0,0.0,0.0,0.0,0.0,0.0,0.0,0.0,0.0,0.0,0.0,0.0,0.0,0.0,0.0,0.0,0.0,0.0,0.0,0.0,0.0,0.0,0.0,0.6921992580933649,0.1806073082774159,0.9093534944647272,0.03569396385195004,0.18118425596092866,-0.006974713592384906,0.9092647188896633,0.0,0.0,0.0,0.0,0.0,0.0,0.0,0.0,0.0,0.0,0.0,0.0,0.0,0.0,0.0,0.0,0.0,0.0,0.0,0.0,0.0,0.0,0.0,0.0,0.6933339396895689,0.18118425596092866,0.9092647188896633
0.03560352113023614,0.18052932252500978,-0.01530115587170473,0.909392633923681,0.0,0.0,0.0,0.0,0.0,0.0,0.0,0.0,0.0,0.0,0.0,0.0,0.0,0.0,0.0,0.0,0.0,0.0,0.0,0.0,0.0,0.0,0.0,0.0,0.6920275424220186,0.18052932252500978,0.909392633923681,0.03569806157126122,0.1813305779305839,-0.03362345349423289,0.9091914384789356,0.0,0.0,0.0,0.0,0.0,0.0,0.0,0.0,0.0,0.0,0.0,0.0,0.0,0.0,0.0,0.0,0.0,0.0,0.0,0.0,0.0,0.0,0.0,0.0,0.6928866850942166,0.1813305779305839,0.9091914384789357
0.03559884214498889,0.1804934727333734,-0.015365974406608515,0.9094106266062933,0.0,0.0,0.0,0.0,0.0,0.0,0.0,0.0,0.0,0.0,0.0,0.0,0.0,0.0,0.0,0.0,0.0,0.0,0.0,0.0,0.0,0.0,0.0,0.0,0.6921116345658213,0.1804934727333734,0.9094106266062933,0.03570204721648945,0.18126511710745055,-0.02249933791981165,0.9092242206641853,0.0,0.0,0.0,0.0,0.0,0.0,0.0,0.0,0.0,0.0,0.0,0.0,0.0,0.0,0.0,0.0,0.0,0.0,0.0,0.0,0.0,0.0,0.0,0.0,0.6927440791786795,0.18126511710745055,0.9092242206641854
0.03561067425481958,0.180599968766279,-0.015474730118796486,0.9093571802432211,0.0,0.0,0.0,0.0,0.0,0.0,0.0,0.0,0.0,0.0,0.0,0.0,0.0,0.0,0.0,0.0,0.0,0.0,0.0,0.0,0.0,0.0,0.0,0.0,0.6920499617867473,0.180599968766279,0.9093571802432211,0.03576719725002044,0.18139431654119753,-0.02170205870622846,0.909159520823113,0.0,0.0,0.0,0.0,0.0,0.0,0.0,0.0,0.0,0.0,0.0,0.0,0.0,0.0,0.0,0.0,0.0,0.0,0.0,0.0,0.0,0.0,0.0,0.0,0.6927952176099008,0.18139431654119753,0.909159520823113
0.03560084104914081,0.18053037153018528,-0.015467746848572697,0.9093921092274976,0.0,0.0,0.0,0.0,0.0,0.0,0.0,0.0,0.0,0.0,0.0,0.0,0.0,0.0,0.0,0.0,0.0,0.0,0.0,0.0,0.0,0.0,0.0,0.0,0.6920357089511311,0.18053037153018528,0.9093921092274976,0.035743685799743116,0.18130055600889106,-0.02047229491501582,0.9092064733664651,0.0,0.0,0.0,0.0,0.0,0.0,0.0,0.0,0.0,0.0,0.0,0.0,0.0,0.0,0.0,0.0,0.0,0.0,0.0,0.0,0.0,0.0,0.0,0.0,0.6929046340797512,0.18130055600889106,0.9092064733664651
0.035599057094109605,0.18051382404753158,-0.015356428792179619,0.9094004164062832,0.0,0.0,0.0,0.0,0.0,0.0,0.0,0.0,0.0,0.0,0.0,0.0,0.0,0.0,0.0,0.0,0.0,0.0,0.0,0.0,0.0,0.0,0.0,0.0,0.6920149922527489,0.18051382404753158,0.9094004164062832,0.03568692503046272,0.18121508615916737,-0.015178803164567933,0.9092492757015718,0.0,0.0,0.0,0.0,0.0,0.0,0.0,0.0,0.0,0.0,0.0,0.0,0.0,0.0,0.0,0.0,0.0,0.0,0.0,0.0,0.0,0.0,0.0,0.0,0.6930462058090883,0.18121508615916737,0.9092492757015718
0.03558957588608823,0.1804298275838854,-0.015254080714880006,0.909442573811571,0.0,0.0,0.0,0.0,0.0,0.0,0.0,0.0,0.0,0.0,0.0,0.0,0.0,0.0,0.0,0.0,0.0,0.0,0.0,0.0,0.0,0.0,0.0,0.0,0.6920515794674373,0.1804298275838854,0.909442573811571,0.03570282103179354,0.18118530673730643,-0.003698321257862431,0.9092641905736085,0.0,0.0,0.0,0.0,0.0,0.0,0.0,0.0,0.0,0.0,0.0,0.0,0.0,0.0,0.0,0.0,0.0,0.0,0.0,0.0,0.0,0.0,0.0,0.0,0.6933548950503123,0.18118530673730643,0.9092641905736086
0.03559050230442201,0.1804446814197977,-0.015433899862507936,0.9094351169396643,0.0,0.0,0.0,0.0,0.0,0.0,0.0,0.0,0.0,0.0,0.0,0.0,0.0,0.0,0.0,0.0,0.0,0.0,0.0,0.0,0.0,0.0,0.0,0.0,0.6920037154268012,0.1804446814197977,0.9094351169396644,0.03579286318944848,0.1813780647407433,-0.02714991327693662,0.9091676596361135,0.0,0.0,0.0,0.0,0.0,0.0,0.0,0.0,0.0,0.0,0.0,0.0,0.0,0.0,0.0,0.0,0.0,0.0,0.0,0.0,0.0,0.0,0.0,0.0,0.6927596231411407,0.1813780647407433,0.9091676596361135
0.03558761775847671,0.18041452989948,-0.015325651707006957,0.9094502479045357,0.0,0.0,0.0,0.0,0.0,0.0,0.0,0.0,0.0,0.0,0.0,0.0,0.0,0.0,0.0,0.0,0.0,0.0,0.0,0.0,0.0,0.0,0.0,0.0,0.692028824558348,0.18041452989948,0.9094502479045357,0.035707045886251496,0.1812094809414052,-0.020697242954520637,0.9092520827348927,0.0,0.0,0.0,0.0,0.0,0.0,0.0,0.0,0.0,0.0,0.0,0.0,0.0,0.0,0.0,0.0,0.0,0.0,0.0,0.0,0.0,0.0,0.0,0.0,0.6927013408246339,0.1812094809414052,0.9092520827348927
0.03559089877549991,0.18043522114491295,-0.01512980135124347,0.909439867054627,0.0,0.0,0.0,0.0,0.0,0.0,0.0,0.0,0.0,0.0,0.0,0.0,0.0,0.0,0.0,0.0,0.0,0.0,0.0,0.0,0.0,0.0,0.0,0.0,0.6920083881002894,0.18043522114491295,0.909439867054627,0.03631463837428011,0.18183284124659255,-0.017710903907832972,0.908939912019078,0.0,0.0,0.0,0.0,0.0,0.0,0.0,0.0,0.0,0.0,0.0,0.0,0.0,0.0,0.0,0.0,0.0,0.0,0.0,0.0,0.0,0.0,0.0,0.0,0.6928467430874957,0.18183284124659255,0.908939912019078
0.0355972480914059,0.18051620155707115,-0.015541769937273856,0.9093992214023935,0.0,0.0,0.0,0.0,0.0,0.0,0.0,0.0,0.0,0.0,0.0,0.0,0.0,0.0,0.0,0.0,0.0,0.0,0.0,0.0,0.0,0.0,0.0,0.0,0.692007854803814,0.18051620155707115,0.9093992214023934,0.03569304995503437,0.1811573565944223,-0.00596098639213357,0.909278188010867,0.0,0.0,0.0,0.0,0.0,0.0,0.0,0.0,0.0,0.0,0.0,0.0,0.0,0.0,0.0,0.0,0.0,0.0,0.0,0.0,0.0,0.0,0.0,0.0,0.6933959172755362,0.1811573565944223,0.9092781880108671
0.03558737831058027,0.18042355737212176,-0.0153073179091572,0.9094457186991816,0.0,0.0,0.0,0.0,0.0,0.0,0.0,0.0,0.0,0.0,0.0,0.0,0.0,0.0,0.0,0.0,0.0,0.0,0.0,0.0,0.0,0.0,0.0,0.0,0.6920037474275326,0.18042355737212176,0.9094457186991816,0.03590869065603558,0.18144666508551235,-0.027772176846150916,0.9091333070709676,0.0,0.0,0.0,0.0,0.0,0.0,0.0,0.0,0.0,0.0,0.0,0.0,0.0,0.0,0.0,0.0,0.0,0.0,0.0,0.0,0.0,0.0,0.0,0.0,0.6927656804065131,0.18144666508551235,0.9091333070709677
0.0355863038373126,0.18040619598467975,-0.01529829796671334,0.9094544309446777,0.0,0.0,0.0,0.0,0.0,0.0,0.0,0.0,0.0,0.0,0.0,0.0,0.0,0.0,0.0,0.0,0.0,0.0,0.0,0.0,0.0,0.0,0.0,0.0,0.6920357537935067,0.18040619598467975,0.9094544309446777,0.03581489638913811,0.18133076979116478,-0.015167216963308475,0.9091913422622261,0.0,0.0,0.0,0.0,0.0,0.0,0.0,0.0,0.0,0.0,0.0,0.0,0.0,0.0,0.0,0.0,0.0,0.0,0.0,0.0,0.0,0.0,0.0,0.0,0.6928883690235671,0.18133076979116478,0.9091913422622261
0.03559084212669657,0.1804506196865095,-0.015397744902873288,0.9094321365474043,0.0,0.0,0.0,0.0,0.0,0.0,0.0,0.0,0.0,0.0,0.0,0.0,0.0,0.0,0.0,0.0,0.0,0.0,0.0,0.0,0.0,0.0,0.0,0.0,0.691967106235631,0.1804506196865095,0.9094321365474043,0.03581374984427374,0.18132533191408223,-0.0248510185515401,0.9091940692387981,0.0,0.0,0.0,0.0,0.0,0.0,0.0,0.0,0.0,0.0,0.0,0.0,0.0,0.0,0.0,0.0,0.0,0.0,0.0,0.0,0.0,0.0,0.0,0.0,0.6928908955193757,0.18132533191408223,0.9091940692387981
0.03558120557389073,0.18038317431820414,-0.01540654397637517,0.9094659872349979,0.0,0.0,0.0,0.0,0.0,0.0,0.0,0.0,0.0,0.0,0.0,0.0,0.0,0.0,0.0,0.0,0.0,0.0,0.0,0.0,0.0,0.0,0.0,0.0,0.6920304625405775,0.18038317431820414,0.9094659872349979,0.03570202904186639,0.1811238676667228,-0.011132753718939426,0.9092949605438444,0.0,0.0,0.0,0.0,0.0,0.0,0.0,0.0,0.0,0.0,0.0,0.0,0.0,0.0,0.0,0.0,0.0,0.0,0.0,0.0,0.0,0.0,0.0,0.0,0.6929470240461565,0.1811238676667228,0.9092949605438443
0.03561480734435782,0.18066706261032628,-0.015268617215299058,0.9093235041765366,0.0,0.0,0.0,0.0,0.0,0.0,0.0,0.0,0.0,0.0,0.0,0.0,0.0,0.0,0.0,0.0,0.0,0.0,0.0,0.0,0.0,0.0,0.0,0.0,0.6919738511151956,0.18066706261032628,0.9093235041765366,0.036872649284029564,0.1823369251586434,-0.01219294326301258,0.9086874717946309,0.0,0.0,0.0,0.0,0.0,0.0,0.0,0.0,0.0,0.0,0.0,0.0,0.0,0.0,0.0,0.0,0.0,0.0,0.0,0.0,0.0,0.0,0.0,0.0,0.6932359671278993,0.1823369251586434,0.908687471794631
0.03561401343381404,0.18065518652508308,-0.015353973646912827,0.9093294630060664,0.0,0.0,0.0,0.0,0.0,0.0,0.0,0.0,0.0,0.0,0.0,0.0,0.0,0.0,0.0,0.0,0.0,0.0,0.0,0.0,0.0,0.0,0.0,0.0,0.6920219814346967,0.18065518652508308,0.9093294630060664,0.03568330324698886,0.18116355428766867,-0.023758403008881636,0.9092750820344558,0.0,0.0,0.0,0.0,0.0,0.0,0.0,0.0,0.0,0.0,0.0,0.0,0.0,0.0,0.0,0.0,0.0,0.0,0.0,0.0,0.0,0.0,0.0,0.0,0.692678181806046,0.18116355428766867,0.9092750820344558
0.035586254803091744,0.18042080417780204,-0.015287057127612868,0.9094471005723969,0.0,0.0,0.0,0.0,0.0,0.0,0.0,0.0,0.0,0.0,0.0,0.0,0.0,0.0,0.0,0.0,0.0,0.0,0.0,0.0,0.0,0.0,0.0,0.0,0.6920062838814082,0.18042080417780204,0.9094471005723969,0.03568708752782332,0.18108196162084378,-0.011086170560759303,0.9093159452361389,0.0,0.0,0.0,0.0,0.0,0.0,0.0,0.0,0.0,0.0,0.0,0.0,0.0,0.0,0.0,0.0,0.0,0.0,0.0,0.0,0.0,0.0,0.0,0.0,0.6929498585296634,0.18108196162084378,0.9093159452361389
0.03557866924432043,0.18034341887847147,-0.015286307339032551,0.9094859423829943,0.0,0.0,0.0,0.0,0.0,0.0,0.0,0.0,0.0,0.0,0.0,0.0,0.0,0.0,0.0,0.0,0.0,0.0,0.0,0.0,0.0,0.0,0.0,0.0,0.6919802137899606,0.18034341887847147,0.9094859423829943,0.036075312830372165,0.18148359214110757,0.0010002369236146056,0.9091148139952807,0.0,0.0,0.0,0.0,0.0,0.0,0.0,0.0,0.0,0.0,0.0,0.0,0.0,0.0,0.0,0.0,0.0,0.0,0.0,0.0,0.0,0.0,0.0,0.0,0.6935096776707638,0.18148359214110757,0.9091148139952807
0.03558178020511691,0.1803866237762217,-0.015282496023454608,0.9094642576889096,0.0,0.0,0.0,0.0,0.0,0.0,0.0,0.0,0.0,0.0,0.0,0.0,0.0,0.0,0.0,0.0,0.0,0.0,0.0,0.0,0.0,0.0,0.0,0.0,0.691950877670771,0.1803866237762217,0.9094642576889096,0.03671635046242641,0.18221108585666906,-0.01284020209871399,0.9087504905926999,0.0,0.0,0.0,0.0,0.0,0.0,0.0,0.0,0.0,0.0,0.0,0.0,0.0,0.0,0.0,0.0,0.0,0.0,0.0,0.0,0.0,0.0,0.0,0.0,0.6932716465543162,0.18221108585666906,0.9087504905926999
0.035603021283980525,0.18058820615600896,-0.015233817577216927,0.9093630821237415,0.0,0.0,0.0,0.0,0.0,0.0,0.0,0.0,0.0,0.0,0.0,0.0,0.0,0.0,0.0,0.0,0.0,0.0,0.0,0.0,0.0,0.0,0.0,0.0,0.6920195618301247,0.18058820615600896,0.9093630821237415,0.03586097883594135,0.18131152706770773,-0.012360446212785349,0.9092009811131914,0.0,0.0,0.0,0.0,0.0,0.0,0.0,0.0,0.0,0.0,0.0,0.0,0.0,0.0,0.0,0.0,0.0,0.0,0.0,0.0,0.0,0.0,0.0,0.0,0.693101574108652,0.18131152706770773,0.9092009811131914
0.03558328315032657,0.18043298207174202,-0.015169878731130385,0.9094409890617988,0.0,0.0,0.0,0.0,0.0,0.0,0.0,0.0,0.0,0.0,0.0,0.0,0.0,0.0,0.0,0.0,0.0,0.0,0.0,0.0,0.0,0.0,0.0,0.0,0.69192181218746,0.18043298207174202,0.9094409890617988,0.035765170423878376,0.1812297649133255,-0.01884560663034445,0.9092419282180961,0.0,0.0,0.0,0.0,0.0,0.0,0.0,0.0,0.0,0.0,0.0,0.0,0.0,0.0,0.0,0.0,0.0,0.0,0.0,0.0,0.0,0.0,0.0,0.0,0.6928467094008598,0.1812297649133255,0.9092419282180962
0.035571883745539004,0.18034040100505289,-0.015417710364424743,0.9094874554715079,0.0,0.0,0.0,0.0,0.0,0.0,0.0,0.0,0.0,0.0,0.0,0.0,0.0,0.0,0.0,0.0,0.0,0.0,0.0,0.0,0.0,0.0,0.0,0.0,0.6918721159819505,0.18034040100505289,0.9094874554715079,0.03568177878341997,0.18112885415881663,-0.012323903138959355,0.9092924616209064,0.0,0.0,0.0,0.0,0.0,0.0,0.0,0.0,0.0,0.0,0.0,0.0,0.0,0.0,0.0,0.0,0.0,0.0,0.0,0.0,0.0,0.0,0.0,0.0,0.6930131972937944,0.18112885415881663,0.9092924616209064
0.035569960997993415,0.18032237324103267,-0.015234202881376854,0.9094965032556718,0.0,0.0,0.0,0.0,0.0,0.0,0.0,0.0,0.0,0.0,0.0,0.0,0.0,0.0,0.0,0.0,0.0,0.0,0.0,0.0,0.0,0.0,0.0,0.0,0.691859864204963,0.18032237324103267,0.9094965032556718,0.035685370827574024,0.18113161543967293,-0.015455857573185157,0.9092910806800751,0.0,0.0,0.0,0.0,0.0,0.0,0.0,0.0,0.0,0.0,0.0,0.0,0.0,0.0,0.0,0.0,0.0,0.0,0.0,0.0,0.0,0.0,0.0,0.0,0.6928871992337385,0.18113161543967293,0.9092910806800751
0.03557317405898641,0.1803445575991164,-0.0152415299930132,0.9094853668916463,0.0,0.0,0.0,0.0,0.0,0.0,0.0,0.0,0.0,0.0,0.0,0.0,0.0,0.0,0.0,0.0,0.0,0.0,0.0,0.0,0.0,0.0,0.0,0.0,0.6918716765242545,0.1803445575991164,0.9094853668916463,0.03568057701516343,0.18113774205796745,-0.016631242993739127,0.9092880085740325,0.0,0.0,0.0,0.0,0.0,0.0,0.0,0.0,0.0,0.0,0.0,0.0,0.0,0.0,0.0,0.0,0.0,0.0,0.0,0.0,0.0,0.0,0.0,0.0,0.6928364727936402,0.18113774205796745,0.9092880085740325
0.03557161855838564,0.18033841275291712,-0.015354770922100141,0.9094884509556377,0.0,0.0,0.0,0.0,0.0,0.0,0.0,0.0,0.0,0.0,0.0,0.0,0.0,0.0,0.0,0.0,0.0,0.0,0.0,0.0,0.0,0.0,0.0,0.0,0.691854021899509,0.18033841275291712,0.9094884509556376,0.035701710313324364,0.18114199018616797,-0.015329957580472146,0.9092858832497733,0.0,0.0,0.0,0.0,0.0,0.0,0.0,0.0,0.0,0.0,0.0,0.0,0.0,0.0,0.0,0.0,0.0,0.0,0.0,0.0,0.0,0.0,0.0,0.0,0.6928899632256441,0.18114199018616797,0.9092858832497733
0.03557216139777657,0.1803385764920555,-0.015288967034657928,0.9094883708386525,0.0,0.0,0.0,0.0,0.0,0.0,0.0,0.0,0.0,0.0,0.0,0.0,0.0,0.0,0.0,0.0,0.0,0.0,0.0,0.0,0.0,0.0,0.0,0.0,0.6918561480777677,0.1803385764920555,0.9094883708386525,0.03569123224410472,0.18114560491100662,-0.017611336758107377,0.90928407117901,0.0,0.0,0.0,0.0,0.0,0.0,0.0,0.0,0.0,0.0,0.0,0.0,0.0,0.0,0.0,0.0,0.0,0.0,0.0,0.0,0.0,0.0,0.0,0.0,0.6928016690807879,0.18114560491100662,0.90928407117901
0.03557244077422901,0.18033980896187216,-0.015268492795379812,0.9094877525439014,0.0,0.0,0.0,0.0,0.0,0.0,0.0,0.0,0.0,0.0,0.0,0.0,0.0,0.0,0.0,0.0,0.0,0.0,0.0,0.0,0.0,0.0,0.0,0.0,0.6918542910033143,0.18033980896187216,0.9094877525439014,0.03568055904624384,0.18113925403540623,-0.017625898997518506,0.9092872551637737,0.0,0.0,0.0,0.0,0.0,0.0,0.0,0.0,0.0,0.0,0.0,0.0,0.0,0.0,0.0,0.0,0.0,0.0,0.0,0.0,0.0,0.0,0.0,0.0,0.6927983183813882,0.18113925403540623,0.9092872551637737
0.035570840715568666,0.18033435676751675,-0.015514593146522456,0.909490490808161,0.0,0.0,0.0,0.0,0.0,0.0,0.0,0.0,0.0,0.0,0.0,0.0,0.0,0.0,0.0,0.0,0.0,0.0,0.0,0.0,0.0,0.0,0.0,0.0,0.6918496374104357,0.18033435676751675,0.909490490808161,0.03568231071075338,0.18110600709665992,-0.006936047817175389,0.9093039010794909,0.0,0.0,0.0,0.0,0.0,0.0,0.0,0.0,0.0,0.0,0.0,0.0,0.0,0.0,0.0,0.0,0.0,0.0,0.0,0.0,0.0,0.0,0.0,0.0,0.693198847918024,0.18110600709665992,0.9093039010794909
